id,product_id,main_location_id,date,avg_price,ask,bid,created_at,main_location,updated_at
28476,2,14,2022-03-28,99.13230656494936,,,2022-03-29 18:01:27,,2023-08-29 19:11:02
28665,2,14,2022-03-31,94.37614927220478,,,2022-04-01 13:07:48,,2023-08-29 19:11:02
31617,2,14,2022-04-11,91.32152176533312,,,2022-04-12 14:10:35,,2023-08-29 19:11:02
34728,2,14,2022-04-27,96.35364269613198,,,2022-04-28 15:09:39,,2023-08-29 19:11:02
35403,2,14,2022-05-05,95.98000281854,,,2022-05-06 15:00:04,,2023-08-29 19:11:02
37450,2,14,2022-06-06,91.75485994512104,,,2022-06-07 13:19:51,,2023-08-29 19:11:02
38086,2,14,2022-06-15,95.450807266527,,,2022-06-16 14:21:43,,2023-08-29 19:11:02
38386,2,14,2022-06-22,94.39801366122975,,,2022-06-23 12:34:27,,2023-08-29 19:11:02
38431,2,14,2022-06-23,92.24875438122972,,,2022-06-24 12:30:23,,2023-08-29 19:11:02
38560,2,14,2022-06-24,92.16627542552187,,,2022-06-27 12:14:23,,2023-08-29 19:11:02
39121,2,14,2022-07-06,83.37652199181588,,,2022-07-07 12:35:29,,2023-08-29 19:11:02
39359,2,14,2022-07-08,84.86942934306441,,,2022-07-11 12:55:56,,2023-08-29 19:11:02
39522,2,14,2022-07-11,85.0382079471358,,,2022-07-12 12:57:30,,2023-08-29 19:11:02
39619,2,14,2022-07-12,89.33640450651498,,,2022-07-13 13:00:08,,2023-08-29 19:11:02
39707,2,14,2022-07-13,89.34264626942657,,,2022-07-14 12:33:15,,2023-08-29 19:11:02
39812,2,14,2022-07-15,86.18612429805447,,,2022-07-16 12:31:21,,2023-08-29 19:11:02
40205,2,14,2022-07-25,84.08150626918192,,,2022-07-26 12:31:32,,2023-08-29 19:11:02
40615,2,14,2022-08-01,84.16666666666667,,,2022-08-02 13:18:35,,2023-08-29 19:11:02
40702,2,14,2022-08-02,85.40961934095668,,,2022-08-03 12:33:48,,2023-08-29 19:11:02
40749,2,14,2022-08-03,85.21046592206474,,,2022-08-04 12:37:32,,2023-08-29 19:11:02
40823,2,14,2022-08-04,89.7746320377649,,,2022-08-05 12:32:56,,2023-08-29 19:11:02
40910,2,14,2022-08-05,91.52162795251556,,,2022-08-06 12:33:49,,2023-08-29 19:11:02
40974,2,14,2022-08-08,87.03572905159061,,,2022-08-09 12:40:05,,2023-08-29 19:11:02
41020,2,14,2022-08-09,88.93230560919625,,,2022-08-10 12:33:26,,2023-08-29 19:11:02
41082,2,14,2022-08-10,88.28285591456088,,,2022-08-11 12:32:12,,2023-08-29 19:11:02
41139,2,14,2022-08-11,88.06094430046646,,,2022-08-12 12:31:21,,2023-08-29 19:11:02
41272,2,14,2022-08-12,89.09828379007365,,,2022-08-15 13:16:45,,2023-08-29 19:11:02
41323,2,14,2022-08-15,88.34290344015834,,,2022-08-16 12:30:51,,2023-08-29 19:11:02
41541,2,14,2022-08-16,88.17193315883127,,,2022-08-17 13:26:53,,2023-08-29 19:11:02
41630,2,14,2022-08-17,88.49160619020667,,,2022-08-18 12:47:47,,2023-08-29 19:11:02
41709,2,14,2022-08-18,89.23998513933722,,,2022-08-19 12:04:44,,2023-08-29 19:11:02
41760,2,14,2022-08-19,90.20868252457235,,,2022-08-20 12:01:36,,2023-08-29 19:11:02
41845,2,14,2022-08-22,90.49145886905168,,,2022-08-23 12:02:20,,2023-08-29 19:11:02
41969,2,14,2022-08-23,91.18811288361962,,,2022-08-24 13:24:04,,2023-08-29 19:11:02
42103,2,14,2022-08-24,91.0942929834603,,,2022-08-25 14:30:08,,2023-08-29 19:11:02
42162,2,14,2022-08-25,90.42333728904266,,,2022-08-26 12:03:05,,2023-08-29 19:11:02
42204,2,14,2022-08-26,90.24496429871456,,,2022-08-27 12:02:17,,2023-08-29 19:11:02
42318,2,14,2022-08-29,90.20663089016314,,,2022-08-30 14:24:35,,2023-08-29 19:11:02
42392,2,14,2022-08-30,90.36168932104158,,,2022-08-31 12:03:31,,2023-08-29 19:11:02
42513,2,14,2022-08-31,90.29750574925218,,,2022-09-01 12:25:35,,2023-08-29 19:11:02
42568,2,14,2022-09-01,92.05674833124368,,,2022-09-02 12:00:32,,2023-08-29 19:11:02
42661,2,14,2022-09-02,92.04773056657022,,,2022-09-03 12:02:40,,2023-08-29 19:11:02
42737,2,14,2022-09-05,92.06262871539012,,,2022-09-06 12:00:03,,2023-08-29 19:11:02
42783,2,14,2022-09-06,92.22911587016446,,,2022-09-07 12:00:29,,2023-08-29 19:11:02
43136,2,14,2022-09-13,91.6999996867562,,,2022-09-14 12:00:32,,2023-08-29 19:11:02
43221,2,14,2022-09-14,90.3957027109814,,,2022-09-15 12:01:31,,2023-08-29 19:11:02
43268,2,14,2022-09-15,91.08442061396808,,,2022-09-16 12:02:12,,2023-08-29 19:11:02
43356,2,14,2022-09-16,90.3070231663006,,,2022-09-17 11:59:51,,2023-08-29 19:11:02
43394,2,14,2022-09-19,90.05832820645276,,,2022-09-20 12:01:18,,2023-08-29 19:11:02
43467,2,14,2022-09-20,89.13393773515486,,,2022-09-21 12:00:45,,2023-08-29 19:11:02
43560,2,14,2022-09-21,90.32475977073734,,,2022-09-22 12:00:47,,2023-08-29 19:11:02
43621,2,14,2022-09-22,90.45626529025496,,,2022-09-23 12:03:13,,2023-08-29 19:11:02
43664,2,14,2022-09-23,88.50249095662645,,,2022-09-24 12:03:13,,2023-08-29 19:11:02
43720,2,14,2022-09-26,90.16757006543652,,,2022-09-27 11:59:37,,2023-08-29 19:11:02
43776,2,14,2022-09-27,88.91443563203782,,,2022-09-28 12:01:40,,2023-08-29 19:11:02
43911,2,14,2022-09-28,90.40804976431129,,,2022-09-29 12:49:18,,2023-08-29 19:11:02
43995,2,14,2022-09-29,93.2677084484672,,,2022-09-30 11:59:42,,2023-08-29 19:11:02
44058,2,14,2022-09-30,94.3387735476566,,,2022-10-01 11:59:14,,2023-08-29 19:11:02
44093,2,14,2022-10-03,91.09210357531975,,,2022-10-04 12:46:28,,2023-08-29 19:11:02
44170,2,14,2022-10-04,94.2217984418952,,,2022-10-05 12:29:16,,2023-08-29 19:11:02
44216,2,14,2022-10-05,90.94578872650688,,,2022-10-06 12:01:20,,2023-08-29 19:11:02
44299,2,14,2022-10-06,93.18960629735038,,,2022-10-07 11:59:38,,2023-08-29 19:11:02
44411,2,14,2022-10-07,93.26543185245347,,,2022-10-10 12:33:45,,2023-08-29 19:11:02
44466,2,14,2022-10-10,93.2861817898767,,,2022-10-11 12:02:35,,2023-08-29 19:11:02
44555,2,14,2022-10-11,91.79643410506009,,,2022-10-12 11:59:09,,2023-08-29 19:11:02
44564,2,14,2022-10-12,90.26696294944672,,,2022-10-13 11:59:23,,2023-08-29 19:11:02
44631,2,14,2022-10-13,93.24747826953592,,,2022-10-14 12:02:08,,2023-08-29 19:11:02
44788,2,14,2022-10-14,93.41553123004552,,,2022-10-17 12:38:09,,2023-08-29 19:11:02
44893,2,14,2022-10-17,91.48612504683544,,,2022-10-18 12:35:45,,2023-08-29 19:11:02
44934,2,14,2022-10-18,91.15401236651228,,,2022-10-19 12:00:15,,2023-08-29 19:11:02
45011,2,14,2022-10-19,91.44453082612772,,,2022-10-20 12:00:54,,2023-08-29 19:11:02
45110,2,14,2022-10-20,90.3887093855924,,,2022-10-21 11:59:36,,2023-08-29 19:11:02
45142,2,14,2022-10-21,90.45525193331964,,,2022-10-22 12:00:22,,2023-08-29 19:11:02
45233,2,14,2022-10-24,90.46812021847,,,2022-10-25 12:02:19,,2023-08-29 19:11:02
45262,2,14,2022-10-25,90.07624069405097,,,2022-10-26 12:01:06,,2023-08-29 19:11:02
45362,2,14,2022-10-26,91.29801411953292,,,2022-10-27 12:02:10,,2023-08-29 19:11:02
45416,2,14,2022-10-27,91.1928879689783,,,2022-10-28 12:00:08,,2023-08-29 19:11:02
45470,2,14,2022-10-28,90.78064642800776,,,2022-10-29 12:24:33,,2023-08-29 19:11:02
45509,2,14,2022-10-31,92.303017932019,,,2022-11-01 12:01:37,,2023-08-29 19:11:02
45719,2,14,2022-11-02,89.40444292081828,,,2022-11-03 13:57:15,,2023-08-29 19:11:02
45846,2,14,2022-11-03,91.20173134171236,,,2022-11-04 12:52:03,,2023-08-29 19:11:02
45963,2,14,2022-11-01,91.46210305985528,,,2022-11-04 14:05:10,,2023-08-29 19:11:02
46015,2,14,2022-11-04,90.3842597459191,,,2022-11-05 11:59:48,,2023-08-29 19:11:02
46115,2,14,2022-11-07,90.32067773423776,,,2022-11-08 12:01:21,,2023-08-29 19:11:02
46132,2,14,2022-11-08,90.49116083184713,,,2022-11-09 12:00:52,,2023-08-29 19:11:02
46244,2,14,2022-11-09,90.13468456651492,,,2022-11-10 12:02:40,,2023-08-29 19:11:02
46285,2,14,2022-11-10,90.07339039791768,,,2022-11-11 12:01:33,,2023-08-29 19:11:02
46364,2,14,2022-11-11,92.3453183556287,,,2022-11-12 12:03:28,,2023-08-29 19:11:02
46430,2,14,2022-11-14,92.23930778223686,,,2022-11-15 12:00:59,,2023-08-29 19:11:02
46554,2,14,2022-11-16,92.23372723901664,,,2022-11-17 12:01:37,,2023-08-29 19:11:02
46608,2,14,2022-11-17,92.18870342321983,,,2022-11-18 12:02:11,,2023-08-29 19:11:02
46675,2,14,2022-11-18,92.46097901908831,,,2022-11-19 12:03:51,,2023-08-29 19:11:02
46705,2,14,2022-11-21,92.47612000161584,,,2022-11-22 12:03:46,,2023-08-29 19:11:02
46780,2,14,2022-11-22,93.129822172346,,,2022-11-23 12:04:08,,2023-08-29 19:11:02
46873,2,14,2022-11-23,93.24677992779353,,,2022-11-24 12:05:17,,2023-08-29 19:11:02
46888,2,14,2022-11-24,93.11842074141497,,,2022-11-25 12:01:51,,2023-08-29 19:11:02
46974,2,14,2022-11-25,93.24742173827936,,,2022-11-26 12:04:31,,2023-08-29 19:11:02
47002,2,14,2022-11-28,94.40816853120538,,,2022-11-29 12:02:37,,2023-08-29 19:11:02
47105,2,14,2022-11-29,94.43335248244244,,,2022-11-30 12:03:18,,2023-08-29 19:11:02
47132,2,14,2022-11-30,94.44482242514272,,,2022-12-01 12:03:49,,2023-08-29 19:11:02
47192,2,14,2022-12-01,90.24092390086396,,,2022-12-02 12:03:50,,2023-08-29 19:11:02
47327,2,14,2022-12-02,90.46004420827671,,,2022-12-05 16:31:54,,2023-08-29 19:11:02
47462,2,14,2022-12-05,87.42553412327146,,,2022-12-06 14:23:09,,2023-08-29 19:11:02
47598,2,14,2022-12-06,87.16474791126933,,,2022-12-07 12:51:56,,2023-08-29 19:11:02
47664,2,14,2022-12-07,86.62084073535465,,,2022-12-08 12:32:43,,2023-08-29 19:11:02
47685,2,14,2022-12-08,86.98865272604604,,,2022-12-09 12:39:20,,2023-08-29 19:11:02
47747,2,14,2022-12-09,86.99837979107966,,,2022-12-12 17:11:42,,2023-08-29 19:11:02
47856,2,14,2022-12-12,88.05935833367026,,,2022-12-13 12:41:01,,2023-08-29 19:11:02
47897,2,14,2022-12-13,88.01248153580927,,,2022-12-14 12:39:01,,2023-08-29 19:11:02
47964,2,14,2022-12-14,88.37079610164386,,,2022-12-15 12:38:24,,2023-08-29 19:11:02
48001,2,14,2022-12-15,88.03027718790575,,,2022-12-16 12:42:20,,2023-08-29 19:11:02
48230,2,14,2022-12-16,90.45253032519824,,,2022-12-19 18:18:04,,2023-08-29 19:11:02
48316,2,14,2022-12-19,90.35737540469924,,,2022-12-20 13:51:13,,2023-08-29 19:11:02
48395,2,14,2022-12-20,90.32946023027743,,,2022-12-21 12:40:14,,2023-08-29 19:11:02
48440,2,14,2022-12-21,90.3590378283207,,,2022-12-22 12:36:48,,2023-08-29 19:11:02
48519,2,14,2022-12-22,89.78605386338688,,,2022-12-23 12:38:51,,2023-08-29 19:11:02
48642,2,14,2022-12-23,89.76164171913912,,,2022-12-26 16:29:30,,2023-08-29 19:11:02
49970,2,14,2023-01-06,90.6338622077561,,,2023-01-07 12:38:07,,2023-08-29 19:11:02
50040,2,14,2023-01-06,90.56439650115811,,,2023-01-09 12:18:04,,2023-08-29 19:11:02
50088,2,14,2023-01-09,89.09508903798383,,,2023-01-10 12:42:45,,2023-08-29 19:11:02
50184,2,14,2023-01-10,89.00998020888021,,,2023-01-11 12:43:37,,2023-08-29 19:11:02
50208,2,14,2023-01-11,89.03266544903718,,,2023-01-12 12:44:41,,2023-08-29 19:11:02
50276,2,14,2023-01-12,89.0917445901166,,,2023-01-13 12:41:47,,2023-08-29 19:11:02
50339,2,14,2023-01-13,89.12145963348348,,,2023-01-14 12:36:04,,2023-08-29 19:11:02
50405,2,14,2023-01-13,89.22557831877455,,,2023-01-16 12:16:44,,2023-08-29 19:11:02
50495,2,14,2023-01-16,89.31161593807313,,,2023-01-17 12:47:39,,2023-08-29 19:11:02
50559,2,14,2023-01-17,89.0506310544294,,,2023-01-18 12:44:36,,2023-08-29 19:11:02
50612,2,14,2023-01-18,89.29856408691809,,,2023-01-19 12:43:04,,2023-08-29 19:11:02
50650,2,14,2023-01-19,91.1425013244923,,,2023-01-20 12:40:52,,2023-08-29 19:11:02
50710,2,14,2023-01-20,91.41969521779671,,,2023-01-21 12:36:05,,2023-08-29 19:11:02
50777,2,14,2023-01-20,91.04778844814662,,,2023-01-23 12:14:38,,2023-08-29 19:11:02
50865,2,14,2023-01-23,91.1613355474218,,,2023-01-24 12:38:03,,2023-08-29 19:11:02
50948,2,14,2023-01-24,87.25955636622693,,,2023-01-25 18:55:40,,2023-08-29 19:11:02
51085,2,14,2023-01-25,87.13893318401313,,,2023-01-26 13:17:37,,2023-08-29 19:11:02
51132,2,14,2023-01-26,87.0873125796935,,,2023-01-27 12:40:19,,2023-08-29 19:11:02
51184,2,14,2023-01-27,87.432424777482,,,2023-01-28 12:34:34,,2023-08-29 19:11:02
51250,2,14,2023-01-27,87.47989945063955,,,2023-01-30 12:18:04,,2023-08-29 19:11:02
51306,2,14,2023-01-30,87.06742700566055,,,2023-01-31 12:38:10,,2023-08-29 19:11:02
51416,2,14,2023-01-31,90.22203938070312,,,2023-02-01 12:38:56,,2023-08-29 19:11:02
51449,2,14,2023-02-01,90.3499882699798,,,2023-02-02 12:45:50,,2023-08-29 19:11:02
51508,2,14,2023-02-02,90.39566388960928,,,2023-02-03 12:37:42,,2023-08-29 19:11:02
51593,2,14,2023-02-03,90.06262466697137,,,2023-02-04 12:33:46,,2023-08-29 19:11:02
51663,2,14,2023-02-03,90.494164261454,,,2023-02-06 12:19:42,,2023-08-29 19:11:02
51768,2,14,2023-02-06,90.33238873108156,,,2023-02-07 13:51:05,,2023-08-29 19:11:02
51840,2,14,2023-02-07,90.247227810121,,,2023-02-08 12:40:15,,2023-08-29 19:11:02
51867,2,14,2023-02-08,90.12376018955491,,,2023-02-09 12:40:55,,2023-08-29 19:11:02
51955,2,14,2023-02-09,90.41991107383292,,,2023-02-10 12:39:33,,2023-08-29 19:11:02
51999,2,14,2023-02-10,90.37447911071575,,,2023-02-11 12:32:17,,2023-08-29 19:11:02
52071,2,14,2023-02-10,90.2621364187552,,,2023-02-13 12:14:26,,2023-08-29 19:11:02
52185,2,14,2023-02-13,90.16054401948162,,,2023-02-14 12:39:50,,2023-08-29 19:11:02
52255,2,14,2023-02-14,90.35160588501326,,,2023-02-15 12:24:44,,2023-08-29 19:11:02
52327,2,14,2023-02-15,90.11982908202924,,,2023-02-16 12:21:01,,2023-08-29 19:11:02
52362,2,14,2023-02-16,90.02464395517194,,,2023-02-17 12:28:25,,2023-08-29 19:11:02
52450,2,14,2023-02-17,90.173895733894,,,2023-02-20 12:11:37,,2023-08-29 19:11:02
52619,2,14,2023-02-22,90.2979404061986,,,2023-02-23 12:24:13,,2023-08-29 19:11:02
52717,2,14,2023-02-23,90.12255579234856,,,2023-02-24 12:20:46,,2023-08-29 19:11:02
52758,2,14,2023-02-24,89.68453537966468,,,2023-02-27 12:12:42,,2023-08-29 19:11:02
52809,2,14,2023-02-27,90.37196156011316,,,2023-02-28 12:18:23,,2023-08-29 19:11:02
52860,2,14,2023-02-28,89.65354903317628,,,2023-03-01 12:12:07,,2023-08-29 19:11:02
52911,2,14,2023-03-01,90.40853778248471,,,2023-03-02 12:11:31,,2023-08-29 19:11:02
52962,2,14,2023-03-02,90.21374490457646,,,2023-03-03 14:28:40,,2023-08-29 19:11:02
53013,2,14,2023-03-03,90.21517591867766,,,2023-03-06 12:13:36,,2023-08-29 19:11:02
53064,2,14,2023-03-06,90.2959270156973,,,2023-03-07 12:15:51,,2023-08-29 19:11:02
53115,2,14,2023-03-07,89.80913531346829,,,2023-03-08 12:17:04,,2023-08-29 19:11:02
53166,2,14,2023-03-08,89.63131163777012,,,2023-03-09 13:16:15,,2023-08-29 19:11:02
53268,2,14,2023-03-09,89.52014132430398,,,2023-03-10 14:43:03,,2023-08-29 19:11:02
53319,2,14,2023-03-10,89.52527991590586,,,2023-03-13 12:18:47,,2023-08-29 19:11:02
53370,2,14,2023-03-13,89.53344541333736,,,2023-03-14 12:44:06,,2023-08-29 19:11:02
53421,2,14,2023-03-14,87.92213240935199,,,2023-03-15 12:12:31,,2023-08-29 19:11:02
53472,2,14,2023-03-15,88.30321609449913,,,2023-03-16 12:12:17,,2023-08-29 19:11:02
53523,2,14,2023-03-16,88.47775766168124,,,2023-03-17 12:16:36,,2023-08-29 19:11:02
53574,2,14,2023-03-17,88.1934292610871,,,2023-03-20 12:13:21,,2023-08-29 19:11:02
53625,2,14,2023-03-20,87.88902480022507,,,2023-03-21 12:18:28,,2023-08-29 19:11:02
53676,2,14,2023-03-21,87.52261490670286,,,2023-03-22 13:20:23,,2023-08-29 19:11:02
53727,2,14,2023-03-22,87.84898838678727,,,2023-03-23 12:17:51,,2023-08-29 19:11:02
53778,2,14,2023-03-23,87.9483769494003,,,2023-03-24 12:17:04,,2023-08-29 19:11:02
53829,2,14,2023-03-24,88.41739826781415,,,2023-03-27 12:12:51,,2023-08-29 19:11:02
53880,2,14,2023-03-27,88.29733697869014,,,2023-03-28 12:14:22,,2023-08-29 19:11:02
53931,2,14,2023-03-28,87.53973193448351,,,2023-03-29 12:13:04,,2023-08-29 19:11:02
53982,2,14,2023-03-29,88.14239123548165,,,2023-03-30 12:14:33,,2023-08-29 19:11:02
54033,2,14,2023-03-30,88.14581452028156,,,2023-03-31 12:17:08,,2023-08-29 19:11:02
54084,2,14,2023-03-31,88.15516428611845,,,2023-04-03 12:13:05,,2023-08-29 19:11:02
54185,2,14,2023-04-03,88.20013034966873,,,2023-04-04 19:10:53,,2023-08-29 19:11:02
54236,2,14,2023-04-04,87.59736471879619,,,2023-04-05 12:17:23,,2023-08-29 19:11:02
54287,2,14,2023-04-05,87.62015765846043,,,2023-04-06 12:18:09,,2023-08-29 19:11:02
54338,2,14,2023-04-06,88.32644889063674,,,2023-04-10 13:39:36,,2023-08-29 19:11:02
54389,2,14,2023-04-10,87.95974485018846,,,2023-04-11 12:22:12,,2023-08-29 19:11:02
54440,2,14,2023-04-11,87.7139835976134,,,2023-04-12 12:18:13,,2023-08-29 19:11:02
54491,2,14,2023-04-12,79.80241720643501,,,2023-04-13 12:18:44,,2023-08-29 19:11:02
54542,2,14,2023-04-13,80.23689383644309,,,2023-04-14 12:15:25,,2023-08-29 19:11:02
54593,2,14,2023-04-14,77.11742587962918,,,2023-04-17 12:18:44,,2023-08-29 19:11:02
54644,2,14,2023-04-17,70.25746508262789,,,2023-04-18 12:16:45,,2023-08-29 19:11:02
54695,2,14,2023-04-18,70.24381880682303,,,2023-04-19 12:19:18,,2023-08-29 19:11:02
54746,2,14,2023-04-19,69.50830000393513,,,2023-04-20 12:18:07,,2023-08-29 19:11:02
54848,2,14,2023-04-21,70.0,,,2023-04-24 13:37:53,,2023-08-29 19:11:02
54899,2,14,2023-04-24,68.65481815787894,,,2023-04-25 12:12:30,,2023-08-29 19:11:02
54950,2,14,2023-04-25,68.85979080803902,,,2023-04-26 12:10:59,,2023-08-29 19:11:02
55001,2,14,2023-04-26,69.01109221112489,,,2023-04-27 12:17:32,,2023-08-29 19:11:02
55052,2,14,2023-04-27,68.65859690408806,,,2023-04-28 12:17:50,,2023-08-29 19:11:02
55103,2,14,2023-04-28,69.22908216177875,,,2023-05-02 12:26:48,,2023-08-29 19:11:02
55154,2,14,2023-05-02,69.27558393030513,,,2023-05-03 12:16:57,,2023-08-29 19:11:02
55205,2,14,2023-05-03,68.82686884938455,,,2023-05-04 13:10:38,,2023-08-29 19:11:02
55254,2,14,2023-05-04,68.74994838640718,,,2023-05-05 12:19:27,,2023-08-29 19:11:02
55305,2,14,2023-05-05,69.280612909142,,,2023-05-08 12:17:11,,2023-08-29 19:11:02
55356,2,14,2023-05-08,69.18756331247643,,,2023-05-09 12:13:29,,2023-08-29 19:11:02
55407,2,14,2023-05-09,69.2374759787881,,,2023-05-10 12:13:15,,2023-08-29 19:11:02
55458,2,14,2023-05-10,65.02705208689122,,,2023-05-11 12:11:28,,2023-08-29 19:11:02
55509,2,14,2023-05-11,65.24010030388064,,,2023-05-12 14:09:58,,2023-08-29 19:11:02
55560,2,14,2023-05-12,65.46926440198374,,,2023-05-15 12:17:12,,2023-08-29 19:11:02
55611,2,14,2023-05-15,65.31407052756057,,,2023-05-16 12:11:34,,2023-08-29 19:11:02
55662,2,14,2023-05-16,60.05159407234434,,,2023-05-17 12:18:04,,2023-08-29 19:11:02
55713,2,14,2023-05-17,60.06711537590231,,,2023-05-18 12:11:17,,2023-08-29 19:11:02
55764,2,14,2023-05-18,59.69371213107264,,,2023-05-19 12:22:26,,2023-08-29 19:11:02
55815,2,14,2023-05-19,60.29407934213965,,,2023-05-22 12:40:07,,2023-08-29 19:11:02
55866,2,14,2023-05-22,59.97545763973421,,,2023-05-23 12:11:48,,2023-08-29 19:11:02
55917,2,14,2023-05-23,60.15528216059603,,,2023-05-24 12:40:14,,2023-08-29 19:11:02
55968,2,14,2023-05-24,59.76350879966877,,,2023-05-25 12:17:30,,2023-08-29 19:11:02
56019,2,14,2023-05-25,59.82844421230669,,,2023-05-26 12:13:26,,2023-08-29 19:11:02
56070,2,14,2023-05-26,60.07857410529476,,,2023-05-29 12:26:43,,2023-08-29 19:11:02
56121,2,14,2023-05-29,59.857673625016055,,,2023-05-30 12:12:58,,2023-08-29 19:11:02
56172,2,14,2023-05-30,59.77137111154859,,,2023-05-31 12:23:01,,2023-08-29 19:11:02
56223,2,14,2023-05-31,59.77699583649528,,,2023-06-01 12:21:18,,2023-08-29 19:11:02
56274,2,14,2023-06-01,59.65361270017628,,,2023-06-02 12:12:41,,2023-08-29 19:11:02
56325,2,14,2023-06-02,59.78936215967646,,,2023-06-05 12:12:40,,2023-08-29 19:11:02
56376,2,14,2023-06-05,59.60417936144815,,,2023-06-06 12:13:03,,2023-08-29 19:11:02
56427,2,14,2023-06-06,59.90302662227568,,,2023-06-07 12:14:44,,2023-08-29 19:11:02
56478,2,14,2023-06-07,59.84212376286047,,,2023-06-08 12:18:33,,2023-08-29 19:11:02
56529,2,14,2023-06-09,58.24087412934188,,,2023-06-12 12:12:47,,2023-08-29 19:11:02
56580,2,14,2023-06-12,60.30734025435986,,,2023-06-13 12:13:13,,2023-08-29 19:11:02
56631,2,14,2023-06-13,60.26586199676065,,,2023-06-14 12:12:50,,2023-08-29 19:11:02
56682,2,14,2023-06-14,60.21808024555379,,,2023-06-15 12:13:26,,2023-08-29 19:11:02
56733,2,14,2023-06-15,60.113592276420974,,,2023-06-16 12:13:17,,2023-08-29 19:11:02
56784,2,14,2023-06-16,59.95164532471567,,,2023-06-19 12:16:35,,2023-08-29 19:11:02
56835,2,14,2023-06-19,59.91261364812924,,,2023-06-20 12:24:20,,2023-08-29 19:11:02
56882,2,14,2023-06-20,60.08691508409739,,,2023-06-21 12:17:45,,2023-08-29 19:11:02
56932,2,14,2023-06-21,59.64524257014724,,,2023-06-22 12:13:02,,2023-08-29 19:11:02
56983,2,14,2023-06-22,59.720575940122295,,,2023-06-23 12:18:24,,2023-08-29 19:11:02
57034,2,14,2023-06-23,59.98207799029768,,,2023-06-26 12:14:33,,2023-08-29 19:11:02
57085,2,14,2023-06-26,60.23687546677069,,,2023-06-27 12:27:59,,2023-08-29 19:11:02
57136,2,14,2023-06-27,59.684332715105526,,,2023-06-28 12:12:58,,2023-08-29 19:11:02
57187,2,14,2023-06-28,59.672550465412094,,,2023-06-29 12:16:02,,2023-08-29 19:11:02
57238,2,14,2023-06-29,59.72196221243689,,,2023-06-30 12:17:22,,2023-08-29 19:11:02
57289,2,14,2023-06-30,59.70430307731802,,,2023-07-03 12:15:39,,2023-08-29 19:11:02
57340,2,14,2023-07-03,55.27030373817905,,,2023-07-04 13:31:35,,2023-08-29 19:11:02
57391,2,14,2023-07-04,54.7469382479551,,,2023-07-05 12:13:14,,2023-08-29 19:11:02
57442,2,14,2023-07-05,55.30256941197089,,,2023-07-06 12:17:59,,2023-08-29 19:11:02
57493,2,14,2023-07-06,55.24957694896409,,,2023-07-07 12:17:37,,2023-08-29 19:11:02
57544,2,14,2023-07-07,57.48374865787528,,,2023-07-10 12:17:27,,2023-08-29 19:11:02
57595,2,14,2023-07-10,57.051536170073554,,,2023-07-11 12:17:15,,2023-08-29 19:11:02
57646,2,14,2023-07-11,60.47435953036754,,,2023-07-12 12:13:49,,2023-08-29 19:11:02
57697,2,14,2023-07-12,58.48940439777439,,,2023-07-13 12:11:21,,2023-08-29 19:11:02
57748,2,14,2023-07-13,59.60269727299954,,,2023-07-14 12:11:07,,2023-08-29 19:11:02
57799,2,14,2023-07-14,60.08823873841813,,,2023-07-17 12:18:11,,2023-08-29 19:11:02
57850,2,14,2023-07-17,59.60630918788256,,,2023-07-18 12:20:05,,2023-08-29 19:11:02
57901,2,14,2023-07-18,60.06951948015941,,,2023-07-19 12:16:59,,2023-08-29 19:11:02
57952,2,14,2023-07-19,59.5301125395574,,,2023-07-20 12:13:08,,2023-08-29 19:11:02
58003,2,14,2023-07-20,60.49112597275237,,,2023-07-21 12:15:32,,2023-08-29 19:11:02
58054,2,14,2023-07-21,59.88403723890593,,,2023-07-24 12:13:57,,2023-08-29 19:11:02
58105,2,14,2023-07-24,59.57707321560285,,,2023-07-25 12:14:23,,2023-08-29 19:11:02
58606,2,14,2023-08-07,59.409209726374506,,,2023-08-08 12:13:46,,2023-08-29 19:11:02
58657,2,14,2023-08-08,57.18905330495108,,,2023-08-09 12:19:39,,2023-08-29 19:11:02
58708,2,14,2023-08-09,56.5834240073627,,,2023-08-10 12:19:23,,2023-08-29 19:11:02
58759,2,14,2023-08-10,55.86627487397439,,,2023-08-11 12:17:34,,2023-08-29 19:11:02
58810,2,14,2023-08-11,58.40297541039491,,,2023-08-14 12:17:08,,2023-08-29 19:11:02
58861,2,14,2023-08-14,57.76449733985659,,,2023-08-15 12:14:54,,2023-08-29 19:11:02
58912,2,14,2023-08-15,58.22690629004406,,,2023-08-16 12:18:36,,2023-08-29 19:11:02
58963,2,14,2023-08-16,58.07485363639126,,,2023-08-17 12:12:31,,2023-08-29 19:11:02
59014,2,14,2023-08-17,57.837508937215205,,,2023-08-18 12:17:23,,2023-08-29 19:11:02
59116,2,14,2023-08-18,57.894832659774565,,,2023-08-21 12:16:06,,2023-08-29 19:11:02
59167,2,14,2023-08-21,57.91740300720292,,,2023-08-22 12:14:15,,2023-08-29 19:11:02
59218,2,14,2023-08-22,60.21222128397925,,,2023-08-23 12:15:09,,2023-08-29 19:11:02
59269,2,14,2023-08-23,59.93637917691056,,,2023-08-24 12:14:48,,2023-08-29 19:11:02
59371,2,14,2023-08-24,59.822431036687526,,,2023-08-25 13:37:13,,2023-08-29 19:11:02
59422,2,14,2023-08-25,60.39474980973404,,,2023-08-28 12:46:02,,2023-08-29 19:11:02
59473,2,14,2023-08-28,60.31777009789824,,,2023-08-29 12:23:09,,2023-08-29 19:11:02
59581,2,14,2023-08-29,57.6086673101784,,,2023-08-30 13:34:21,,2023-08-30 14:34:59
59628,2,14,2023-08-30,58.12749503154228,,,2023-08-31 12:23:48,,2023-08-31 12:23:48
59679,2,14,2023-08-31,57.98922441846583,,,2023-09-01 12:26:35,,2023-09-01 12:26:35
59730,2,14,2023-09-01,57.78988386183895,,,2023-09-04 12:35:32,,2023-09-04 12:35:32
59763,2,14,2023-09-04,57.65774563270522,,,2023-09-05 12:45:40,,2023-09-05 12:45:40
59832,2,14,2023-09-05,58.45116986125537,,,2023-09-06 13:35:24,,2023-09-06 13:35:24
59937,2,14,2023-09-08,60.32594357534466,,,2023-09-11 12:16:50,,2023-09-11 12:16:50
59966,2,14,2023-09-11,59.88307342963507,,,2023-09-12 12:53:34,,2023-09-12 12:53:34
60017,2,14,2023-09-12,59.73937742922262,,,2023-09-13 13:43:47,,2023-09-13 13:43:47
60090,2,14,2023-09-13,58.94913326397653,,,2023-09-14 12:18:38,,2023-09-14 12:18:38
60141,2,14,2023-09-14,59.437428304680274,,,2023-09-15 12:19:21,,2023-09-15 12:19:21
60192,2,14,2023-09-15,58.93151531618588,,,2023-09-18 12:19:14,,2023-09-18 12:19:14
60243,2,14,2023-09-18,59.17572613098599,,,2023-09-19 12:19:57,,2023-09-19 12:19:57
60294,2,14,2023-09-19,59.40094742201277,,,2023-09-20 12:19:16,,2023-09-20 12:19:16
60323,2,14,2023-09-20,58.904325291034375,,,2023-09-21 12:20:05,,2023-09-21 12:20:05
60374,2,14,2023-09-21,58.56786117219206,,,2023-09-22 12:18:48,,2023-09-22 12:18:48
60447,2,14,2023-09-22,60.2303595007028,,,2023-09-25 12:18:04,,2023-09-25 12:18:04
60498,2,14,2023-09-25,60.40431753974595,,,2023-09-26 12:19:14,,2023-09-26 12:19:14
60549,2,14,2023-09-26,60.42920694480457,,,2023-09-27 12:20:09,,2023-09-27 12:20:09
60600,2,14,2023-09-27,60.20211340732247,,,2023-09-28 12:18:47,,2023-09-28 12:18:47
60629,2,14,2023-09-28,59.74003460082941,,,2023-09-29 12:12:36,,2023-09-29 12:12:36
60702,2,14,2023-09-29,60.10214777878686,,,2023-10-02 12:16:34,,2023-10-02 12:16:34
60731,2,14,2023-10-02,59.92371125779783,,,2023-10-03 12:18:22,,2023-10-03 12:18:22
60804,2,14,2023-10-03,62.96934967039458,,,2023-10-04 12:20:37,,2023-10-04 12:20:37
60855,2,14,2023-10-04,62.508836094088906,,,2023-10-05 12:20:14,,2023-10-05 12:20:14
60906,2,14,2023-10-05,63.0169990692946,,,2023-10-06 12:19:42,,2023-10-06 12:19:42
60957,2,14,2023-10-06,62.892763637670654,,,2023-10-09 12:19:11,,2023-10-09 12:19:11
61008,2,14,2023-10-09,62.633402147166,,,2023-10-10 12:18:30,,2023-10-10 12:18:30
61059,2,14,2023-10-10,62.002733568289344,,,2023-10-11 12:19:16,,2023-10-11 12:19:16
61110,2,14,2023-10-11,61.63826120295053,,,2023-10-12 12:20:04,,2023-10-12 12:20:04
61211,2,14,2023-10-13,59.55219653713048,,,2023-10-16 12:19:34,,2023-10-16 12:19:34
61262,2,14,2023-10-16,59.52688988411456,,,2023-10-17 12:19:41,,2023-10-17 12:19:41
61291,2,14,2023-10-17,59.78991,,,2023-10-17 20:28:19,,2023-10-18 12:18:27
61342,2,14,2023-10-18,60.33916,,,2023-10-18 20:27:24,,2023-10-19 12:19:25
61393,2,14,2023-10-19,60.57297,,,2023-10-19 20:28:41,,2023-10-20 12:19:48
61444,2,14,2023-10-20,60.64178,,,2023-10-20 20:27:02,,2023-10-23 12:19:56
61495,2,14,2023-10-23,60.72634,,,2023-10-23 20:27:49,,2023-10-24 12:18:26
61546,2,14,2023-10-24,60.91089,,,2023-10-24 20:28:46,,2023-10-25 12:20:16
61597,2,14,2023-10-25,60.56065,,,2023-10-25 20:28:16,,2023-10-26 12:18:28
61648,2,14,2023-10-26,60.6549,,,2023-10-26 20:28:09,,2023-10-27 12:20:00
61699,2,14,2023-10-27,60.69534,,,2023-10-27 20:27:44,,2023-10-30 12:18:55
61750,2,14,2023-10-30,60.774125,,,2023-10-30 20:28:00,,2023-10-31 12:18:45
61801,2,14,2023-10-31,60.68424,,,2023-10-31 20:28:55,,2023-11-01 12:19:17
61852,2,14,2023-11-01,59.551795,,,2023-11-01 20:27:52,,2023-11-02 12:19:14
61903,2,14,2023-11-02,59.72055682459752,,,2023-11-02 20:28:24,,2023-11-03 12:17:14
61954,2,14,2023-11-03,59.31411,,,2023-11-03 20:27:30,,2023-11-06 12:19:25
62005,2,14,2023-11-06,59.3374,,,2023-11-06 20:28:05,,2023-11-07 12:19:06
62056,2,14,2023-11-07,59.22882,,,2023-11-07 20:27:52,,2023-11-08 12:20:20
62107,2,14,2023-11-08,59.260000000000005,,,2023-11-08 20:27:43,,2023-11-09 12:19:14
62158,2,14,2023-11-09,59.09163,,,2023-11-09 20:28:50,,2023-11-10 12:20:08
62209,2,14,2023-11-10,59.07279,,,2023-11-10 20:28:28,,2023-11-13 12:19:40
62260,2,14,2023-11-13,60.05624,,,2023-11-13 20:28:20,,2023-11-14 13:20:11
62311,2,14,2023-11-14,59.96218,,,2023-11-14 20:29:45,,2023-11-15 12:19:39
62362,2,14,2023-11-15,58.87617311553582,,,2023-11-15 20:28:20,,2023-11-16 12:55:39
62413,2,14,2023-11-16,57.23287,,,2023-11-16 20:28:47,,2023-11-17 12:40:24
62464,2,14,2023-11-17,57.97864,,,2023-11-17 20:28:35,,2023-11-20 12:37:36
62515,2,14,2023-11-20,58.22479,,,2023-11-20 20:27:28,,2023-11-21 12:38:11
62566,2,14,2023-11-21,59.28622,,,2023-11-21 20:27:52,,2023-11-22 12:18:54
62617,2,14,2023-11-22,58.66062,,,2023-11-22 20:23:27,,2023-11-23 14:27:59
62668,2,14,2023-11-23,59.24662,,,2023-11-23 20:26:19,,2023-11-24 12:12:30
62719,2,14,2023-11-24,59.69211,,,2023-11-24 20:28:20,,2023-11-27 12:16:37
62770,2,14,2023-11-27,59.83047,,,2023-11-27 20:27:49,,2023-11-28 12:18:52
62821,2,14,2023-11-28,59.97296,,,2023-11-28 20:27:45,,2023-11-29 12:23:18
62872,2,14,2023-11-29,59.89022,,,2023-11-29 20:28:17,,2023-11-30 12:19:24
62923,2,14,2023-11-30,59.940295,,,2023-11-30 20:27:54,,2023-12-01 12:18:52
62974,2,14,2023-12-01,59.955695,,,2023-12-01 20:30:53,,2023-12-04 12:16:53
63025,2,14,2023-12-04,60.08404,,,2023-12-04 20:28:35,,2023-12-05 12:17:47
63076,2,14,2023-12-05,60.09276,,,2023-12-05 20:26:56,,2023-12-06 12:18:00
63127,2,14,2023-12-06,60.090990000000005,,,2023-12-06 20:26:34,,2023-12-07 12:21:03
63178,2,14,2023-12-07,60.16042,,,2023-12-07 20:26:43,,2023-12-08 12:17:35
63229,2,14,2023-12-08,60.018815,,,2023-12-08 20:26:20,,2023-12-11 12:18:29
63280,2,14,2023-12-11,59.99026,,,2023-12-11 20:26:00,,2023-12-12 12:12:55
63331,2,14,2023-12-12,59.98908,,,2023-12-12 20:26:21,,2023-12-13 12:18:18
63382,2,14,2023-12-13,59.95357,,,2023-12-13 20:26:54,,2023-12-14 12:19:48
63433,2,14,2023-12-14,60.13811,,,2023-12-14 20:22:53,,2023-12-15 12:21:34
63484,2,14,2023-12-15,60.073025,,,2023-12-15 20:28:00,,2023-12-18 12:17:15
63535,2,14,2023-12-18,60.12663,,,2023-12-18 20:32:54,,2023-12-19 12:18:47
63586,2,14,2023-12-19,60.01343,,,2023-12-19 20:27:34,,2023-12-20 12:21:23
63637,2,14,2023-12-20,60.22188,,,2023-12-20 20:27:03,,2023-12-21 12:18:09
63688,2,14,2023-12-21,60.01548,,,2023-12-21 20:27:03,,2023-12-22 12:18:45
63739,2,14,2023-12-22,59.991845,,,2023-12-22 20:26:30,,2023-12-25 12:18:38
63790,2,14,2023-12-25,59.7056007093159,,,2023-12-25 20:27:02,,2023-12-26 12:19:41
63841,2,14,2023-12-26,59.68330202579486,,,2023-12-26 20:27:03,,2023-12-27 12:17:28
63892,2,14,2023-12-27,59.50126011468095,,,2023-12-27 20:28:41,,2023-12-28 12:18:30
63943,2,14,2023-12-28,59.0248869272654,,,2023-12-28 20:25:48,,2023-12-29 12:19:59
63994,2,14,2023-12-29,59.78284527006888,,,2023-12-29 20:27:10,,2024-01-01 12:18:43
64045,2,14,2024-01-01,60.16000994664801,,,2024-01-01 20:27:27,,2024-01-02 12:18:40
64096,2,14,2024-01-02,60.52627184662122,,,2024-01-02 20:26:40,,2024-01-03 12:19:07
64147,2,14,2024-01-03,59.909437109450174,,,2024-01-03 20:25:33,,2024-01-04 12:17:48
64198,2,14,2024-01-04,60.35688999999999,,,2024-01-04 20:27:53,,2024-01-05 13:21:44
64249,2,14,2024-01-05,66.64812,,,2024-01-05 20:26:55,,2024-01-08 12:17:37
64300,2,14,2024-01-08,63.173,,,2024-01-08 20:26:51,,2024-01-09 14:11:49
64351,2,14,2024-01-09,63.71402,,,2024-01-09 20:26:47,,2024-01-10 13:01:34
64402,2,14,2024-01-10,63.83231,,,2024-01-10 20:26:49,,2024-01-11 13:09:46
64453,2,14,2024-01-11,66.84812,,,2024-01-11 20:27:56,,2024-01-12 12:18:20
64504,2,14,2024-01-12,62.36912000000001,,,2024-01-12 20:26:54,,2024-01-15 14:42:35
64555,2,14,2024-01-15,61.5233,,,2024-01-15 20:28:40,,2024-01-16 13:39:41
64606,2,14,2024-01-16,62.312,,,2024-01-16 20:26:59,,2024-01-17 13:39:06
64657,2,14,2024-01-17,61.47681238767381,,,2024-01-17 20:26:35,,2024-01-18 12:19:58
64708,2,14,2024-01-18,60.80910480401477,,,2024-01-18 20:28:36,,2024-01-19 12:18:12
64759,2,14,2024-01-19,60.30470667762991,,,2024-01-19 20:26:42,,2024-01-22 12:18:46
64810,2,14,2024-01-22,60.617256165454535,,,2024-01-22 20:26:45,,2024-01-23 12:19:28
64861,2,14,2024-01-23,60.76505032591178,,,2024-01-23 20:28:31,,2024-01-23 20:28:31
64912,2,14,2024-01-24,59.650150135167465,,,2024-01-24 20:25:54,,2024-01-24 20:25:54
64963,2,14,2024-01-25,59.65811689653136,,,2024-01-25 20:26:54,,2024-01-25 20:26:54
65014,2,14,2024-01-26,59.30020354067832,,,2024-01-26 20:25:03,,2024-01-26 20:25:03
65065,2,14,2024-01-29,59.66010563773237,,,2024-01-29 20:26:42,,2024-01-29 20:26:42
65116,2,14,2024-01-30,59.909903881775975,,,2024-01-30 20:26:43,,2024-01-30 20:26:43
65167,2,14,2024-01-31,59.45257965979534,,,2024-01-31 20:26:23,,2024-01-31 20:26:23
65218,2,14,2024-02-01,59.7795562168265,,,2024-02-01 20:26:40,,2024-02-01 20:26:40
65269,2,14,2024-02-02,60.08079984300289,,,2024-02-02 20:25:56,,2024-02-02 20:25:56
65320,2,14,2024-02-05,59.45798286639801,,,2024-02-05 20:27:52,,2024-02-05 20:27:52
65371,2,14,2024-02-06,59.40632211229158,,,2024-02-06 20:26:28,,2024-02-07 12:18:51
65422,2,14,2024-02-07,60.00467340344188,,,2024-02-07 20:27:12,,2024-02-08 12:19:07
65473,2,14,2024-02-08,59.283968731904885,,,2024-02-08 20:27:32,,2024-02-09 16:45:21
65524,2,14,2024-02-09,58.88092057218983,,,2024-02-09 20:27:47,,2024-02-12 12:17:44
65575,2,14,2024-02-12,59.514254972257554,,,2024-02-12 20:25:52,,2024-02-13 12:17:11
65626,2,14,2024-02-13,59.63134370984615,,,2024-02-13 20:26:37,,2024-02-14 12:18:08
65677,2,14,2024-02-14,59.29014150224285,,,2024-02-14 20:26:33,,2024-02-15 12:18:21
65728,2,14,2024-02-15,59.07830175866855,,,2024-02-15 20:26:16,,2024-02-16 12:18:45
65779,2,14,2024-02-16,59.46759635209453,,,2024-02-16 20:27:45,,2024-02-19 12:17:56
65830,2,14,2024-02-19,59.66743036250321,,,2024-02-19 20:28:11,,2024-02-20 12:18:06
65881,2,14,2024-02-20,59.59986971865772,,,2024-02-20 20:28:37,,2024-02-21 12:18:12
65932,2,14,2024-02-21,59.06158302383449,,,2024-02-21 20:28:54,,2024-02-22 12:18:27
65983,2,14,2024-02-22,59.01704779350908,,,2024-02-22 20:25:42,,2024-02-23 12:17:34
66034,2,14,2024-02-23,59.09563195560237,,,2024-02-23 20:28:33,,2024-02-26 12:17:30
66085,2,14,2024-02-26,58.69005551927881,,,2024-02-26 20:26:26,,2024-02-27 12:18:24
66136,2,14,2024-02-27,59.025129834745634,,,2024-02-27 20:27:15,,2024-02-28 12:18:59
66187,2,14,2024-02-28,58.28536805313223,,,2024-02-28 20:27:48,,2024-02-29 19:24:27
66238,2,14,2024-02-29,59.497822881548,,,2024-02-29 20:26:44,,2024-03-01 12:18:01
66289,2,14,2024-03-01,60.14349530518466,,,2024-03-01 20:26:41,,2024-03-04 12:17:50
66340,2,14,2024-03-04,59.86087205220931,,,2024-03-04 20:27:30,,2024-03-05 12:18:18
66391,2,14,2024-03-05,59.97147357890135,,,2024-03-05 20:29:33,,2024-03-06 12:17:59
66442,2,14,2024-03-06,60.12493902597784,,,2024-03-06 20:27:45,,2024-03-07 12:19:28
66493,2,14,2024-03-07,60.329916418735735,,,2024-03-07 20:27:28,,2024-03-08 12:20:53
66544,2,14,2024-03-08,59.78765539462352,,,2024-03-08 20:28:35,,2024-03-11 17:04:00
66595,2,14,2024-03-11,58.87850640973346,,,2024-03-11 20:26:55,,2024-03-12 19:35:59
66646,2,14,2024-03-12,59.4932802705454,,,2024-03-12 20:29:42,,2024-03-13 12:18:19
66697,2,14,2024-03-13,59.88329933950192,,,2024-03-13 20:28:07,,2024-03-14 12:19:48
66748,2,14,2024-03-14,59.30197606898237,,,2024-03-14 20:27:16,,2024-03-15 12:18:50
66799,2,14,2024-03-15,59.63428073756884,,,2024-03-15 20:28:24,,2024-03-18 12:17:50
66850,2,14,2024-03-18,59.172695134214734,,,2024-03-18 20:27:39,,2024-03-19 12:19:19
66901,2,14,2024-03-19,58.71006084941133,,,2024-03-19 20:26:31,,2024-03-20 12:18:34
66952,2,14,2024-03-20,58.39422248117204,,,2024-03-20 20:27:39,,2024-03-21 12:55:32
67003,2,14,2024-03-21,58.31381828897226,,,2024-03-21 20:26:50,,2024-03-22 12:18:19
67054,2,14,2024-03-22,59.35187864287622,,,2024-03-22 20:26:54,,2024-03-25 12:18:40
67105,2,14,2024-03-25,59.86622614633983,,,2024-03-25 20:26:59,,2024-03-26 12:17:56
67156,2,14,2024-03-26,59.67864027961373,,,2024-03-26 20:27:38,,2024-03-27 12:18:25
67207,2,14,2024-03-27,60.087223255321454,,,2024-03-27 20:27:17,,2024-03-28 12:17:44
67258,2,14,2024-03-28,60.230043388491126,,,2024-03-28 20:25:55,,2024-03-29 12:19:05
67309,2,14,2024-03-29,60.23039769288052,,,2024-03-29 20:26:52,,2024-04-01 12:16:04
67360,2,14,2024-04-01,60.24845258024487,,,2024-04-01 20:26:13,,2024-04-02 12:18:27
67411,2,14,2024-04-02,59.73807212159525,,,2024-04-02 20:28:28,,2024-04-03 12:18:31
67462,2,14,2024-04-03,60.06291402502425,,,2024-04-03 20:26:50,,2024-04-04 12:17:51
67513,2,14,2024-04-04,59.81646428672781,,,2024-04-04 20:28:06,,2024-04-05 12:17:36
67564,2,14,2024-04-05,59.62142037126761,,,2024-04-05 20:28:06,,2024-04-08 12:18:14
67615,2,14,2024-04-08,59.39112821337724,,,2024-04-08 20:27:15,,2024-04-09 12:18:44
67666,2,14,2024-04-09,60.20642540008324,,,2024-04-09 20:26:54,,2024-04-10 12:19:18
67717,2,14,2024-04-10,60.34491821524823,,,2024-04-10 20:26:31,,2024-04-11 12:18:40
67768,2,14,2024-04-11,59.9028404048137,,,2024-04-11 20:27:47,,2024-04-12 12:17:57
67819,2,14,2024-04-12,60.451250505235926,,,2024-04-12 20:27:05,,2024-04-15 12:19:56
67870,2,14,2024-04-15,59.84667267540726,,,2024-04-15 20:27:31,,2024-04-16 12:17:58
67921,2,14,2024-04-16,59.91768477235705,,,2024-04-16 20:27:22,,2024-04-17 12:17:08
67972,2,14,2024-04-17,58.61556535093986,,,2024-04-17 20:27:17,,2024-04-18 15:38:48
